{"cameraMode":{"drawMode":0,"name":"Shaded","section":"Shading Mode"},"sceneLighting":false,"audioPlay":false,"sceneViewState":{"showFog":true,"showMaterialUpdate":true,"showSkybox":false,"showFlares":true,"showImageEffects":true,"showParticleSystems":true},"in2DMode":false,"pivot":{"x":-3.6276626586914064,"y":-17.092056274414064,"z":20.45840072631836},"rotation":{"x":0.14896784722805024,"y":-0.06424320489168167,"z":0.005867283325642347,"w":0.9875770807266235},"size":2.7076473236083986,"orthographic":true}