{"cameraMode":{"drawMode":0,"name":"Shaded","section":"Shading Mode"},"sceneLighting":true,"audioPlay":false,"sceneViewState":{"showFog":true,"showMaterialUpdate":true,"showSkybox":false,"showFlares":true,"showImageEffects":true,"showParticleSystems":true},"in2DMode":false,"pivot":{"x":84.60604858398438,"y":10.557872772216797,"z":-11.706596374511719},"rotation":{"x":-0.0923319086432457,"y":0.7635273933410645,"z":-0.09967272728681565,"w":-0.6327395439147949},"size":12.136858940124512,"orthographic":true}