{"cameraMode":{"drawMode":0,"name":"Shaded","section":"Shading Mode"},"sceneLighting":false,"audioPlay":false,"sceneViewState":{"showFog":true,"showMaterialUpdate":true,"showSkybox":false,"showFlares":true,"showImageEffects":true,"showParticleSystems":true},"in2DMode":false,"pivot":{"x":-0.034801483154296878,"y":0.320556640625,"z":0.182891845703125},"rotation":{"x":0.08330177515745163,"y":0.9158838987350464,"z":-0.2564381957054138,"w":0.2975112795829773},"size":0.8272640705108643,"orthographic":true}