{"cameraMode":{"drawMode":0,"name":"Shaded","section":"Shading Mode"},"sceneLighting":false,"audioPlay":false,"sceneViewState":{"showFog":true,"showMaterialUpdate":true,"showSkybox":false,"showFlares":true,"showImageEffects":true,"showParticleSystems":true},"in2DMode":false,"pivot":{"x":5.259365081787109,"y":-1.5689905881881714,"z":90.36983489990235},"rotation":{"x":-0.011028972454369069,"y":-0.005226565524935722,"z":-0.0015313681215047837,"w":1.0005334615707398},"size":10.0,"orthographic":false}