{"cameraMode":{"drawMode":0,"name":"Shaded","section":"Shading Mode"},"sceneLighting":false,"audioPlay":false,"sceneViewState":{"showFog":true,"showMaterialUpdate":true,"showSkybox":false,"showFlares":true,"showImageEffects":true,"showParticleSystems":true},"in2DMode":false,"pivot":{"x":46.540000915527347,"y":0.375,"z":-45.9900016784668},"rotation":{"x":0.02117469348013401,"y":-0.9777835607528687,"z":0.19224750995635987,"w":0.08899138122797013},"size":2.084017753601074,"orthographic":true}