{"cameraMode":{"drawMode":0,"name":"Shaded","section":"Shading Mode"},"sceneLighting":false,"audioPlay":false,"sceneViewState":{"showFog":true,"showMaterialUpdate":true,"showSkybox":false,"showFlares":true,"showImageEffects":true,"showParticleSystems":true},"in2DMode":false,"pivot":{"x":0.222442626953125,"y":0.154296875,"z":-0.0006103515625},"rotation":{"x":-0.19974055886268617,"y":0.7345619797706604,"z":-0.24424150586128236,"w":-0.6007237434387207},"size":1.5377907752990723,"orthographic":true}