{"cameraMode":{"drawMode":0,"name":"Shaded","section":"Shading Mode"},"sceneLighting":false,"audioPlay":false,"sceneViewState":{"showFog":true,"showMaterialUpdate":true,"showSkybox":false,"showFlares":true,"showImageEffects":true,"showParticleSystems":true},"in2DMode":false,"pivot":{"x":8.921164512634278,"y":-0.9591063261032105,"z":90.3271713256836},"rotation":{"x":-0.005064660217612982,"y":0.014242730103433133,"z":-0.0021521723829209806,"w":1.00050687789917},"size":10.0,"orthographic":true}