{"cameraMode":{"drawMode":0,"name":"Shaded","section":"Shading Mode"},"sceneLighting":false,"audioPlay":false,"sceneViewState":{"showFog":true,"showMaterialUpdate":true,"showSkybox":false,"showFlares":true,"showImageEffects":true,"showParticleSystems":true},"in2DMode":false,"pivot":{"x":66.93441772460938,"y":4.956918716430664,"z":-3.1765856742858888},"rotation":{"x":0.1150384321808815,"y":0.7013606429100037,"z":-0.11656875163316727,"w":0.6941314339637756},"size":36.79001998901367,"orthographic":false}