{"cameraMode":{"drawMode":0,"name":"Shaded","section":"Shading Mode"},"sceneLighting":true,"audioPlay":false,"sceneViewState":{"showFog":true,"showMaterialUpdate":true,"showSkybox":true,"showFlares":true,"showImageEffects":true,"showParticleSystems":true},"in2DMode":false,"pivot":{"x":-13.456408500671387,"y":5.07191276550293,"z":-0.5682622194290161},"rotation":{"x":0.16528001427650453,"y":-0.697196364402771,"z":0.17005060613155366,"w":0.676630437374115},"size":0.8991801142692566,"orthographic":false}