{"cameraMode":{"drawMode":0,"name":"Shaded","section":"Shading Mode"},"sceneLighting":false,"audioPlay":false,"sceneViewState":{"showFog":true,"showMaterialUpdate":true,"showSkybox":false,"showFlares":true,"showImageEffects":true,"showParticleSystems":true},"in2DMode":false,"pivot":{"x":-0.4769953489303589,"y":2.0605247020721437,"z":-0.7364513278007507},"rotation":{"x":0.3815558850765228,"y":0.6084752082824707,"z":0.41654324531555178,"w":-0.5573957562446594},"size":2.5330123901367189,"orthographic":false}