{"cameraMode":{"drawMode":0,"name":"Shaded","section":"Shading Mode"},"sceneLighting":false,"audioPlay":false,"sceneViewState":{"showFog":true,"showMaterialUpdate":true,"showSkybox":false,"showFlares":true,"showImageEffects":true,"showParticleSystems":true},"in2DMode":false,"pivot":{"x":5.259365081787109,"y":-1.5689905881881714,"z":90.36983489990235},"rotation":{"x":-0.005049888044595718,"y":0.011273982934653759,"z":-0.0014385624090209604,"w":1.0005323886871338},"size":10.0,"orthographic":false}