{"cameraMode":{"drawMode":0,"name":"Shaded","section":"Shading Mode"},"sceneLighting":false,"audioPlay":false,"sceneViewState":{"showFog":true,"showMaterialUpdate":true,"showSkybox":false,"showFlares":true,"showImageEffects":true,"showParticleSystems":true},"in2DMode":false,"pivot":{"x":80.48828125,"y":5.91552734375,"z":-10.22119140625},"rotation":{"x":-0.018930664286017419,"y":0.9859675765037537,"z":0.07043331116437912,"w":0.1560196429491043},"size":2.871864080429077,"orthographic":true}