{"cameraMode":{"drawMode":0,"name":"Shaded","section":"Shading Mode"},"sceneLighting":false,"audioPlay":false,"sceneViewState":{"showFog":true,"showMaterialUpdate":true,"showSkybox":false,"showFlares":true,"showImageEffects":true,"showParticleSystems":true},"in2DMode":false,"pivot":{"x":46.540000915527347,"y":0.375,"z":-45.9900016784668},"rotation":{"x":0.23473112285137177,"y":0.3625812232494354,"z":-0.09507182240486145,"w":0.8971866369247437},"size":6.925158977508545,"orthographic":false}