{"cameraMode":{"drawMode":0,"name":"Shaded","section":"Shading Mode"},"sceneLighting":false,"audioPlay":false,"sceneViewState":{"showFog":true,"showMaterialUpdate":false,"showSkybox":false,"showFlares":true,"showImageEffects":true,"showParticleSystems":true},"in2DMode":false,"pivot":{"x":31.001056671142579,"y":1.0647352933883668,"z":-49.351863861083987},"rotation":{"x":-0.113227479159832,"y":0.8670114278793335,"z":-0.22962616384029389,"w":-0.42756178975105288},"size":1.4660253524780274,"orthographic":false}